,StartDate,EndDate,q0001,q0002,q0004_0001,q0004_0002,q0004_0003,q0004_0004,q0004_0005,q0004_0006,q0005,q0007_0001,q0007_0002,q0007_0003,q0007_0004,q0007_0005,q0007_0006,q0007_0007,q0007_0008,q0007_0009,q0007_0010,q0007_0011,q0008_0001,q0008_0002,q0008_0003,q0008_0004,q0008_0005,q0008_0006,q0008_0007,q0008_0008,q0008_0009,q0008_0010,q0008_0011,q0008_0012,q0009,q0010_0001,q0010_0002,q0010_0003,q0010_0004,q0010_0005,q0010_0006,q0010_0007,q0010_0008,q0011_0001,q0011_0002,q0011_0003,q0011_0004,q0011_0005,q0012_0001,q0012_0002,q0012_0003,q0012_0004,q0012_0005,q0012_0006,q0012_0007,q0013,q0014,q0015,q0017,q0018,q0019_0001,q0019_0002,q0019_0003,q0019_0004,q0019_0005,q0019_0006,q0019_0007,q0020_0001,q0020_0002,q0020_0003,q0020_0004,q0020_0005,q0020_0006,q0021_0001,q0021_0002,q0021_0003,q0021_0004,q0022,q0024,q0025_0001,q0025_0002,q0025_0003,q0026,q0028,q0029,q0030,q0034,q0035,q0036,race2,racethn4,educ3,educ4,age3,kids,orientation,weight
1,5/10/18 4:01,5/10/18 4:06,Somewhat masculine,Somewhat important,Not selected,Not selected,Not selected,Pop culture,Not selected,Not selected,Yes,Often,Often,Often,Often,"Never, and not open to it","Never, and not open to it",Often,Sometimes,Sometimes,"Never, and not open to it",Often,Not selected,Not selected,Your hair or hairline,Not selected,Not selected,Not selected,Not selected,Not selected,Your physical health,"Your finances, including your current or future income, assets, or debt",Not selected,Not selected,"Not employed, NOT looking for work",NA,NA,NA,NA,NA,NA,NA,NA,NA,NA,NA,NA,NA,NA,NA,NA,NA,NA,NA,NA,NA,NA,NA,Yes,Sometimes,NA,NA,NA,NA,NA,NA,NA,Read their physical body language to see if they are interested,Ask for a verbal confirmation of consent,Make a physical move to see how they react,Every situation is different,It isn?t always clear how to gauge someone?s interest,Not selected,Not selected,Not selected,Not selected,None of the above,No,Never married,Not selected,Not selected,No children,Gay,Hispanic,College graduate,New York,"$0-$9,999",Middle Atlantic,Windows Desktop / Laptop,Non-white,Hispanic,College or more,College or more,35 - 64,No children,Gay/Bisexual,1.714025972
2,5/10/18 6:30,5/10/18 6:53,Somewhat masculine,Somewhat important,Father or father figure(s),Not selected,Not selected,Not selected,Not selected,Not selected,Yes,Rarely,Sometimes,"Never, but open to it",Rarely,"Never, and not open to it",Rarely,"Never, and not open to it",Often,"Never, and not open to it",Sometimes,No answer,Not selected,Your weight,Not selected,Not selected,Not selected,Not selected,Not selected,Your mental health,Your physical health,Not selected,Not selected,Not selected,Not employed-retired,NA,NA,NA,NA,NA,NA,NA,NA,NA,NA,NA,NA,NA,NA,NA,NA,NA,NA,NA,NA,NA,NA,NA,No,Rarely,NA,NA,NA,NA,NA,NA,NA,Not selected,Not selected,Not selected,Not selected,Not selected,Other (please specify),Not selected,Not selected,Not selected,None of the above,No,Widowed,Not selected,"Yes, one or more children 18 or older",Not selected,Straight,White,Some college,Ohio,"$50,000-$74,999",East North Central,iOS Phone / Tablet,White,White,Some college,Some college,65 and up,Has children,Straight,1.247120116
3,5/10/18 7:02,5/10/18 7:09,Very masculine,Not too important,Father or father figure(s),Not selected,Not selected,Not selected,Not selected,Other (please specify),No,Sometimes,Sometimes,Sometimes,Rarely,"Never, but open to it",Often,"Never, and not open to it",Rarely,Sometimes,Rarely,"Never, and not open to it",Not selected,Not selected,Not selected,Not selected,Not selected,Not selected,Not selected,Not selected,Your physical health,Not selected,Not selected,Not selected,"Employed, working full-time",Not selected,Not selected,Not selected,Not selected,Not selected,Not selected,None of the above,Not selected,Managers want to hire and promote women,Not selected,Not selected,Not selected,Not selected,Not selected,Not selected,Not selected,Not selected,Not selected,Not selected,Other (please specify),NA,A lot,No,Yes,Sometimes,NA,NA,NA,NA,NA,NA,NA,Not selected,Not selected,Not selected,Every situation is different,Not selected,Not selected,Not selected,Not selected,Not selected,None of the above,No,Married,Not selected,"Yes, one or more children 18 or older",Not selected,Straight,White,College graduate,Michigan,"$50,000-$74,999",East North Central,Windows Desktop / Laptop,White,White,College or more,College or more,35 - 64,Has children,Straight,0.515746057
4,5/10/18 7:27,5/10/18 7:31,Very masculine,Not too important,Father or father figure(s),Mother or mother figure(s),Other family members,Not selected,Not selected,Not selected,No,Rarely,Rarely,Sometimes,Rarely,Rarely,Often,"Never, and not open to it","Never, and not open to it",Rarely,"Never, and not open to it","Never, and not open to it",Not selected,Not selected,Not selected,Not selected,Not selected,Not selected,Not selected,Not selected,Not selected,Not selected,Not selected,None of the above,Not employed-retired,NA,NA,NA,NA,NA,NA,NA,NA,NA,NA,NA,NA,NA,NA,NA,NA,NA,NA,NA,NA,NA,NA,NA,Yes,Always,It?s the right thing to do,Not selected,Not selected,Not selected,"You asked the person out, so you feel obligated to pay",Not selected,Not selected,Not selected,Not selected,Not selected,Not selected,Not selected,Not selected,Not selected,Not selected,Not selected,Not selected,No answer,Married,Not selected,"Yes, one or more children 18 or older",Not selected,No answer,White,Some college,Indiana,"$50,000-$74,999",East North Central,Windows Desktop / Laptop,White,White,Some college,Some college,65 and up,Has children,No answer,0.600640079
5,5/10/18 7:35,5/10/18 7:42,Very masculine,Very important,Not selected,Not selected,Other family members,Not selected,Not selected,Not selected,Yes,Sometimes,Rarely,"Never, and not open to it","Never, but open to it","Never, but open to it",Sometimes,"Never, and not open to it",Often,Rarely,"Never, but open to it",Sometimes,Not selected,Your weight,Not selected,Not selected,Not selected,Not selected,Not selected,Not selected,Not selected,Not selected,Not selected,Not selected,"Employed, working full-time",Not selected,Not selected,Not selected,Not selected,Not selected,Not selected,None of the above,Not selected,Not selected,Greater risk of being accused of sexual harassment,Greater risk of being accused of being sexist or racist,Not selected,Not selected,Not selected,Not selected,Not selected,Not selected,Not selected,Never witnessed sexual harassment,Not selected,NA,A lot,Yes,No,Always,Not selected,Not selected,Not selected,"Societal expectations, even though you don?t always think you should have to pay",Not selected,Not selected,Not selected,Not selected,Ask for a verbal confirmation of consent,Not selected,Not selected,Not selected,Not selected,Not selected,Not selected,Not selected,None of the above,No,Never married,Not selected,Not selected,No children,Straight,White,College graduate,Ohio,"$50,000-$74,999",East North Central,Windows Desktop / Laptop,White,White,College or more,College or more,35 - 64,No children,Straight,1.033400454
6,5/10/18 8:25,5/10/18 8:34,Very masculine,Somewhat important,Father or father figure(s),Not selected,Not selected,Not selected,Not selected,Not selected,Yes,"Never, but open to it",Sometimes,Sometimes,Rarely,"Never, but open to it",Often,"Never, and not open to it",Sometimes,Often,"Never, but open to it","Never, and not open to it",Not selected,Not selected,Not selected,Not selected,Not selected,Not selected,Not selected,Not selected,Not selected,Not selected,Not selected,None of the above,"Employed, working full-time",Not selected,Not selected,Not selected,Not selected,Not selected,Not selected,Not selected,Other (please specify),Not selected,Not selected,Greater risk of being accused of being sexist or racist,Not selected,Not selected,Confronted the accused person,Not selected,Not selected,Not selected,Not selected,Not selected,Not selected,NA,Only a little,No,No,Always,It?s the right thing to do,Not selected,Not selected,Not selected,Not selected,Not selected,Not selected,Not selected,Ask for a verbal confirmation of consent,Not selected,Not selected,Not selected,Not selected,Not selected,Not selected,Not selected,None of the above,No,Married,Not selected,"Yes, one or more children 18 or older",Not selected,Straight,White,Post graduate degree,Indiana,"$200,000+",East North Central,Windows Desktop / Laptop,White,White,College or more,Post graduate degree,65 and up,Has children,Straight,0.059086641
7,5/10/18 8:29,5/10/18 8:41,Somewhat masculine,Not too important,Father or father figure(s),Mother or mother figure(s),Other family members,Not selected,Friends,Not selected,No,Sometimes,Sometimes,"Never, and not open to it",Rarely,Rarely,Rarely,"Never, and not open to it",Sometimes,Sometimes,"Never, and not open to it",Rarely,Not selected,Your weight,Not selected,Not selected,Not selected,Not selected,Not selected,Not selected,Not selected,"Your finances, including your current or future income, assets, or debt","Your ability to provide for your family, current or anticipated",Not selected,"Employed, working full-time",Not selected,Not selected,Not selected,Not selected,Not selected,Not selected,None of the above,Not selected,Not selected,Not selected,Not selected,None of the above,Not selected,Not selected,Not selected,Not selected,Reached out to the victim to offer support,Not selected,Not selected,Not selected,NA,Nothing at all,NA,Yes,Sometimes,NA,NA,NA,NA,NA,NA,NA,Read their physical body language to see if they are interested,Ask for a verbal confirmation of consent,Make a physical move to see how they react,Every situation is different,Not selected,Not selected,Not selected,Not selected,Not selected,None of the above,No,Never married,Not selected,"Yes, one or more children 18 or older",Not selected,Gay,Other,Post graduate degree,Hawaii,"$25,000-$49,999",West North Central,Windows Desktop / Laptop,Non-white,Other,College or more,Post graduate degree,18 - 34,Has children,Gay/Bisexual,0.257359715
8,5/10/18 10:04,5/10/18 10:11,Somewhat masculine,Somewhat important,Father or father figure(s),Not selected,Not selected,Pop culture,Friends,Not selected,Yes,Rarely,Rarely,"Never, and not open to it","Never, but open to it","Never, and not open to it",Often,"Never, and not open to it",Sometimes,Sometimes,"Never, but open to it",Rarely,Not selected,Your weight,Not selected,Your physique,Not selected,Not selected,Not selected,Not selected,Not selected,Not selected,Not selected,Not selected,Not employed-retired,NA,NA,NA,NA,NA,NA,NA,NA,NA,NA,NA,NA,NA,NA,NA,NA,NA,NA,NA,NA,NA,NA,NA,Yes,Often,Not selected,Not selected,Not selected,"Societal expectations, even though you don?t always think you should have to pay","You asked the person out, so you feel obligated to pay",You try to pay to see if the other person will offer to share in the cost,Not selected,Read their physical body language to see if they are interested,Not selected,Not selected,Every situation is different,It isn?t always clear how to gauge someone?s interest,Not selected,Not selected,Not selected,Not selected,None of the above,Yes,Married,Not selected,Not selected,No children,Straight,White,College graduate,New York,"$150,000-$174,999",Middle Atlantic,Windows Desktop / Laptop,White,White,College or more,College or more,65 and up,No children,Straight,0.656490054
9,5/10/18 11:00,5/10/18 11:07,Very masculine,Not at all important,Father or father figure(s),Not selected,Not selected,Not selected,Friends,Not selected,No,Sometimes,Sometimes,Sometimes,Sometimes,"Never, but open to it",Often,"Never, and not open to it",Often,Sometimes,"Never, and not open to it",Rarely,Not selected,Your weight,Your hair or hairline,Not selected,Not selected,Not selected,Sexual performance or amount of sex,Not selected,Your physical health,"Your finances, including your current or future income, assets, or debt","Your ability to provide for your family, current or anticipated",Not selected,"Employed, working full-time",Not selected,Not selected,Not selected,Not selected,Not selected,Not selected,None of the above,Not selected,Not selected,Not selected,Not selected,None of the above,Not selected,Not selected,Not selected,Not selected,Not selected,Not selected,Never witnessed sexual harassment,Not selected,NA,Some,No,No,Always,It?s the right thing to do,Not selected,You feel good about being the one who pays,Not selected,"You asked the person out, so you feel obligated to pay",Not selected,Not selected,Read their physical body language to see if they are interested,Not selected,Make a physical move to see how they react,Every situation is different,Not selected,Not selected,Not selected,Not selected,Not selected,None of the above,No,Married,"Yes, one or more children under 18",Not selected,Not selected,Straight,Hispanic,Some college,California,"$100,000-$124,999",Pacific,iOS Phone / Tablet,Non-white,Hispanic,Some college,Some college,35 - 64,Has children,Straight,4.341850255
10,5/11/18 12:36,5/11/18 12:43,Somewhat masculine,Somewhat important,Father or father figure(s),Not selected,Not selected,Pop culture,Not selected,Other (please specify),No,Sometimes,Rarely,"Never, and not open to it",Rarely,"Never, and not open to it",Often,"Never, and not open to it",Often,Rarely,"Never, but open to it",Sometimes,Not selected,Your weight,Not selected,Your physique,Not selected,Your clothing or style,Sexual performance or amount of sex,Not selected,Your physical health,Not selected,Not selected,Not selected,"Employed, working full-time",Not selected,Men are taken more seriously,Not selected,Men have more promotion/professional development opportunities,Not selected,Men generally have more support from their managers,Not selected,Not selected,Not selected,Greater risk of being accused of sexual harassment,Not selected,Not selected,Not selected,Not selected,Not selected,Not selected,Not selected,Not selected,Never witnessed sexual harassment,Not selected,NA,Some,No,Yes,Always,It?s the right thing to do,Not selected,You feel good about being the one who pays,"Societal expectations, even though you don?t always think you should have to pay","You asked the person out, so you feel obligated to pay",Not selected,Not selected,Not selected,Ask for a verbal confirmation of consent,Make a physical move to see how they react,Every situation is different,Not selected,Not selected,Not selected,Not selected,Not selected,None of the above,No,Married,Not selected,Not selected,No children,Straight,White,Post graduate degree,Oregon,"$150,000-$174,999",Pacific,iOS Phone / Tablet,White,White,College or more,Post graduate degree,35 - 64,No children,Straight,0.057482292
11,5/11/18 3:07,5/11/18 3:16,Very masculine,Somewhat important,Father or father figure(s),Mother or mother figure(s),Other family members,Pop culture,Friends,Other (please specify),No,Sometimes,Rarely,Rarely,Rarely,"Never, but open to it",Sometimes,"Never, and not open to it",Rarely,Rarely,Rarely,"Never, but open to it",Not selected,Your weight,Not selected,Your physique,Appearance of your genitalia,Not selected,Sexual performance or amount of sex,Your mental health,Your physical health,"Your finances, including your current or future income, assets, or debt","Your ability to provide for your family, current or anticipated",Not selected,"Employed, working full-time",Not selected,Not selected,Not selected,Not selected,Not selected,Not selected,None of the above,Not selected,Managers want to hire and promote women,Greater risk of being accused of sexual harassment,Greater risk of being accused of being sexist or racist,Not selected,Not selected,Not selected,Not selected,Not selected,Not selected,Did not respond at all,Not selected,Not selected,You weren?t sure it was sexual harassment,Some,No,Yes,Always,It?s the right thing to do,Not selected,Not selected,Not selected,Not selected,Not selected,Not selected,Read their physical body language to see if they are interested,Not selected,Make a physical move to see how they react,Every situation is different,It isn?t always clear how to gauge someone?s interest,Not selected,Wondered whether you pushed a partner too far in a past sexual encounter.,Not selected,Not selected,Not selected,No,Married,"Yes, one or more children under 18","Yes, one or more children 18 or older",Not selected,Straight,White,College graduate,Michigan,"$100,000-$124,999",East North Central,Windows Desktop / Laptop,White,White,College or more,College or more,35 - 64,Has children,Straight,0.500712903
12,5/11/18 5:18,5/11/18 5:33,Somewhat masculine,Not too important,Father or father figure(s),Not selected,Not selected,Not selected,Not selected,Not selected,Yes,"Never, but open to it",Sometimes,Often,Rarely,"Never, and not open to it",Sometimes,"Never, and not open to it",Sometimes,Rarely,Sometimes,Sometimes,Not selected,Not selected,Not selected,Not selected,Not selected,Not selected,Not selected,Your mental health,Your physical health,"Your finances, including your current or future income, assets, or debt","Your ability to provide for your family, current or anticipated",Not selected,"Not employed, NOT looking for work",NA,NA,NA,NA,NA,NA,NA,NA,NA,NA,NA,NA,NA,NA,NA,NA,NA,NA,NA,NA,NA,NA,NA,Yes,Often,Not selected,Not selected,Not selected,Not selected,Not selected,Not selected,Other (please specify),Read their physical body language to see if they are interested,Not selected,Not selected,Not selected,Not selected,Not selected,Not selected,Not selected,Not selected,None of the above,No,Married,Not selected,Not selected,No children,Straight,White,Some college,South Carolina,"$25,000-$49,999",South Atlantic,Other,White,White,Some college,Some college,35 - 64,No children,Straight,0.617906017
13,5/11/18 5:50,5/11/18 5:53,Very masculine,Somewhat important,Father or father figure(s),Not selected,Other family members,Not selected,Not selected,Not selected,No,Sometimes,Sometimes,"Never, but open to it","Never, but open to it","Never, and not open to it",Often,"Never, and not open to it",Sometimes,Sometimes,"Never, but open to it",Rarely,Not selected,Your weight,Not selected,Not selected,Not selected,Not selected,Not selected,Not selected,Not selected,Not selected,Not selected,Not selected,"Not employed, NOT looking for work",NA,NA,NA,NA,NA,NA,NA,NA,NA,NA,NA,NA,NA,NA,NA,NA,NA,NA,NA,NA,NA,NA,NA,No,Sometimes,NA,NA,NA,NA,NA,NA,NA,Read their physical body language to see if they are interested,Not selected,Make a physical move to see how they react,Not selected,Not selected,Not selected,Not selected,Not selected,Not selected,None of the above,No,Married,Not selected,Not selected,No children,Straight,White,College graduate,Florida,"$125,000-$149,999",South Atlantic,MacOS Desktop / Laptop,White,White,College or more,College or more,35 - 64,No children,Straight,0.545344405
14,5/11/18 5:51,5/11/18 6:21,Very masculine,Very important,Not selected,Not selected,Not selected,Not selected,Friends,Other (please specify),Yes,Often,Sometimes,Sometimes,Rarely,"Never, and not open to it","Never, but open to it","Never, and not open to it",Often,Often,Rarely,Sometimes,Not selected,Not selected,Not selected,Not selected,Not selected,Not selected,Not selected,Not selected,Not selected,"Your finances, including your current or future income, assets, or debt",Not selected,Not selected,"Employed, working full-time",Not selected,Men are taken more seriously,Not selected,Not selected,Not selected,Not selected,Not selected,Not selected,Managers want to hire and promote women,Not selected,Not selected,Not selected,Not selected,Not selected,Not selected,Not selected,Not selected,Not selected,Never witnessed sexual harassment,Not selected,NA,Nothing at all,NA,Yes,Always,Not selected,Not selected,Not selected,Not selected,"You asked the person out, so you feel obligated to pay",Not selected,Not selected,Not selected,Not selected,Not selected,Not selected,It isn?t always clear how to gauge someone?s interest,Not selected,Wondered whether you pushed a partner too far in a past sexual encounter.,Talked with a friend or friends about whether you pushed a partner too far.,Not selected,Not selected,Yes,Married,"Yes, one or more children under 18",Not selected,Not selected,Straight,Black,Some college,California,"$10,000-$24,999",NA,Android Phone / Tablet,Non-white,Black,Some college,Some college,18 - 34,Has children,Straight,3.398346389
15,5/11/18 6:26,5/11/18 6:30,Not at all masculine,Not at all important,Father or father figure(s),Not selected,Not selected,Pop culture,Not selected,Not selected,Yes,"Never, but open to it",Sometimes,Sometimes,Often,"Never, and not open to it","Never, and not open to it",Rarely,"Never, and not open to it","Never, and not open to it",Often,Often,Not selected,Not selected,Your hair or hairline,Your physique,Appearance of your genitalia,Not selected,Not selected,Your mental health,Your physical health,Not selected,Not selected,Not selected,"Not employed, student",NA,NA,NA,NA,NA,NA,NA,NA,NA,NA,NA,NA,NA,NA,NA,NA,NA,NA,NA,NA,NA,NA,NA,No,Never,NA,NA,NA,NA,NA,NA,NA,Not selected,Not selected,Not selected,Not selected,It isn?t always clear how to gauge someone?s interest,Not selected,Not selected,Not selected,Not selected,None of the above,No,Never married,Not selected,Not selected,No children,Straight,White,High school or G.E.D.,Massachusetts,Prefer not to answer,New England,MacOS Desktop / Laptop,White,White,High school or less,High school or less,18 - 34,No children,Straight,8.643673599
16,5/11/18 8:17,5/11/18 8:23,Somewhat masculine,Somewhat important,Father or father figure(s),Not selected,Not selected,Not selected,Not selected,Not selected,No,"Never, but open to it",Rarely,Sometimes,Rarely,"Never, and not open to it",Sometimes,"Never, and not open to it",Sometimes,Often,"Never, but open to it",Rarely,Not selected,Your weight,Not selected,Not selected,Not selected,Not selected,Not selected,Not selected,Your physical health,"Your finances, including your current or future income, assets, or debt",Not selected,Not selected,"Not employed, NOT looking for work",NA,NA,NA,NA,NA,NA,NA,NA,NA,NA,NA,NA,NA,NA,NA,NA,NA,NA,NA,NA,NA,NA,NA,Yes,No answer,NA,NA,NA,NA,NA,NA,NA,Not selected,Ask for a verbal confirmation of consent,Not selected,Not selected,Not selected,Not selected,Not selected,Not selected,Not selected,None of the above,No,Married,Not selected,"Yes, one or more children 18 or older",Not selected,Straight,White,Post graduate degree,West Virginia,Prefer not to answer,South Atlantic,MacOS Desktop / Laptop,White,White,College or more,Post graduate degree,65 and up,Has children,Straight,0.058149837
17,5/11/18 8:45,5/11/18 8:51,Somewhat masculine,Not too important,Father or father figure(s),Not selected,Not selected,Pop culture,Not selected,Not selected,Yes,Sometimes,Often,Rarely,Sometimes,Rarely,Sometimes,"Never, but open to it",Rarely,Sometimes,Often,Often,Not selected,Your weight,Not selected,Your physique,Not selected,Not selected,Not selected,Your mental health,Your physical health,"Your finances, including your current or future income, assets, or debt","Your ability to provide for your family, current or anticipated",Not selected,"Employed, working full-time",Not selected,Not selected,Not selected,Not selected,Not selected,Not selected,None of the above,Other (please specify),Not selected,Greater risk of being accused of sexual harassment,Not selected,Not selected,Not selected,Not selected,Not selected,Not selected,Not selected,Not selected,Never witnessed sexual harassment,Not selected,NA,Some,No,Yes,Sometimes,NA,NA,NA,NA,NA,NA,NA,Not selected,Ask for a verbal confirmation of consent,Not selected,Not selected,Not selected,Not selected,Not selected,Not selected,Not selected,None of the above,No,Married,"Yes, one or more children under 18",Not selected,Not selected,Bisexual,White,Post graduate degree,Minnesota,"$50,000-$74,999",West North Central,Windows Desktop / Laptop,White,White,College or more,Post graduate degree,35 - 64,Has children,Gay/Bisexual,0.105632571
18,5/11/18 8:52,5/11/18 9:03,Somewhat masculine,Not too important,Father or father figure(s),Not selected,Other family members,Pop culture,Not selected,Not selected,Yes,"Never, but open to it",Rarely,Rarely,Sometimes,"Never, and not open to it",Often,"Never, and not open to it",Often,"Never, but open to it","Never, but open to it",Sometimes,Not selected,Not selected,Not selected,Not selected,Not selected,Not selected,Sexual performance or amount of sex,Not selected,Your physical health,"Your finances, including your current or future income, assets, or debt",Not selected,Not selected,"Employed, working full-time",Not selected,Not selected,Not selected,Not selected,Not selected,Not selected,None of the above,Not selected,Not selected,Not selected,Not selected,None of the above,Not selected,Not selected,Not selected,Not selected,Not selected,Not selected,Never witnessed sexual harassment,Not selected,NA,A lot,No,No,Often,Not selected,Not selected,You feel good about being the one who pays,Not selected,"You asked the person out, so you feel obligated to pay",Not selected,Not selected,Not selected,Not selected,Not selected,Every situation is different,It isn?t always clear how to gauge someone?s interest,Other (please specify),Not selected,Not selected,Not selected,None of the above,No,Married,Not selected,Not selected,No children,Straight,White,College graduate,Kansas,"$100,000-$124,999",West North Central,Windows Desktop / Laptop,White,White,College or more,College or more,35 - 64,No children,Straight,0.716907351
19,5/11/18 9:32,5/11/18 9:45,Very masculine,Somewhat important,Not selected,Mother or mother figure(s),Not selected,Not selected,Not selected,Not selected,No,Sometimes,Sometimes,"Never, but open to it",No answer,"Never, and not open to it",Often,"Never, and not open to it",Often,Sometimes,"Never, but open to it","Never, but open to it",Not selected,Not selected,Not selected,Not selected,Not selected,Not selected,Not selected,Not selected,Not selected,Not selected,Not selected,None of the above,"Employed, working part-time",Not selected,Not selected,Not selected,Not selected,Not selected,Not selected,None of the above,Not selected,Not selected,Greater risk of being accused of sexual harassment,Greater risk of being accused of being sexist or racist,Not selected,Not selected,Not selected,Not selected,Not selected,Not selected,Not selected,Never witnessed sexual harassment,Not selected,NA,Some,No,No,Often,It?s the right thing to do,Not selected,Not selected,Not selected,"You asked the person out, so you feel obligated to pay",Not selected,Not selected,Not selected,Not selected,Not selected,Every situation is different,Not selected,Not selected,Not selected,Not selected,Not selected,None of the above,No,Widowed,Not selected,"Yes, one or more children 18 or older",Not selected,Straight,White,College graduate,Florida,"$50,000-$74,999",South Atlantic,Windows Desktop / Laptop,White,White,College or more,College or more,65 and up,Has children,Straight,0.512408421
20,5/11/18 10:11,5/11/18 10:16,Somewhat masculine,Somewhat important,Father or father figure(s),Not selected,Not selected,Not selected,Not selected,Not selected,No,"Never, but open to it","Never, but open to it","Never, and not open to it",Rarely,"Never, but open to it",Sometimes,"Never, and not open to it",Often,Often,"Never, and not open to it","Never, and not open to it",Not selected,Not selected,Not selected,Not selected,Not selected,Not selected,Not selected,Not selected,Your physical health,"Your finances, including your current or future income, assets, or debt",Not selected,Not selected,"Not employed, looking for work",NA,NA,NA,NA,NA,NA,NA,NA,NA,NA,NA,NA,NA,NA,NA,NA,NA,NA,NA,NA,NA,NA,NA,Yes,Always,Not selected,Not selected,You feel good about being the one who pays,Not selected,"You asked the person out, so you feel obligated to pay",Not selected,Not selected,Not selected,Not selected,Not selected,Every situation is different,Not selected,Not selected,Not selected,Not selected,Not selected,None of the above,No,Never married,Not selected,Not selected,No children,Straight,Black,High school or G.E.D.,California,"$10,000-$24,999",Pacific,Windows Desktop / Laptop,Non-white,Black,High school or less,High school or less,35 - 64,No children,Straight,2.632241555
21,5/11/18 10:15,5/11/18 10:19,Not very masculine,Somewhat important,Father or father figure(s),Mother or mother figure(s),Other family members,Pop culture,Friends,Not selected,No,Rarely,Rarely,Rarely,Rarely,Rarely,Rarely,"Never, and not open to it",Often,"Never, but open to it","Never, and not open to it",Rarely,Not selected,Your weight,Not selected,Not selected,Not selected,Not selected,Sexual performance or amount of sex,Your mental health,Your physical health,Not selected,Not selected,Not selected,Not employed-retired,NA,NA,NA,NA,NA,NA,NA,NA,NA,NA,NA,NA,NA,NA,NA,NA,NA,NA,NA,NA,NA,NA,NA,Yes,Sometimes,NA,NA,NA,NA,NA,NA,NA,Read their physical body language to see if they are interested,Ask for a verbal confirmation of consent,Make a physical move to see how they react,Not selected,Not selected,Not selected,Not selected,Not selected,Not selected,None of the above,No,Divorced,Not selected,Not selected,No children,Straight,Black,Some college,Oregon,"$10,000-$24,999",Pacific,Other,Non-white,Black,Some college,Some college,65 and up,No children,Straight,0.869991096
22,5/11/18 10:45,5/11/18 10:50,Somewhat masculine,Somewhat important,Not selected,Not selected,Other family members,Not selected,Friends,Not selected,Yes,Sometimes,Rarely,Sometimes,Sometimes,Rarely,"Never, and not open to it","Never, and not open to it",Often,Often,Rarely,Rarely,Not selected,Your weight,Not selected,Your physique,Not selected,Not selected,Not selected,Not selected,Your physical health,"Your finances, including your current or future income, assets, or debt","Your ability to provide for your family, current or anticipated",Not selected,"Employed, working full-time",Men make more money,Men are taken more seriously,Not selected,Not selected,Not selected,Not selected,Not selected,Not selected,Not selected,Not selected,Greater risk of being accused of being sexist or racist,Not selected,Not selected,Not selected,Not selected,Not selected,Not selected,Did not respond at all,Not selected,Not selected,You weren?t sure it was sexual harassment,A lot,No,Yes,Often,Not selected,You make more money than your date,Not selected,"Societal expectations, even though you don?t always think you should have to pay","You asked the person out, so you feel obligated to pay",Not selected,Not selected,Read their physical body language to see if they are interested,Not selected,Make a physical move to see how they react,Every situation is different,It isn?t always clear how to gauge someone?s interest,Not selected,Not selected,Not selected,Not selected,None of the above,No,Married,"Yes, one or more children under 18",Not selected,Not selected,Straight,White,Post graduate degree,Utah,Prefer not to answer,Mountain,Windows Desktop / Laptop,White,White,College or more,Post graduate degree,35 - 64,Has children,Straight,0.019744451
23,5/11/18 10:56,5/11/18 11:00,Somewhat masculine,Not too important,Father or father figure(s),Not selected,Not selected,Not selected,Not selected,Not selected,No,Sometimes,Sometimes,"Never, but open to it",Rarely,"Never, and not open to it",Often,"Never, and not open to it",Sometimes,Sometimes,"Never, but open to it",Sometimes,Not selected,Your weight,Not selected,Your physique,Not selected,Not selected,Not selected,Not selected,Your physical health,Not selected,"Your ability to provide for your family, current or anticipated",Not selected,"Employed, working full-time",Men make more money,Not selected,Not selected,Men have more promotion/professional development opportunities,Not selected,Not selected,Not selected,Not selected,Not selected,Greater risk of being accused of sexual harassment,Greater risk of being accused of being sexist or racist,Not selected,Not selected,Not selected,Not selected,Not selected,Not selected,Not selected,Never witnessed sexual harassment,Not selected,NA,Some,Yes,Yes,Sometimes,NA,NA,NA,NA,NA,NA,NA,Read their physical body language to see if they are interested,Ask for a verbal confirmation of consent,Not selected,Not selected,Not selected,Not selected,Not selected,Not selected,Not selected,None of the above,No,Married,Not selected,"Yes, one or more children 18 or older",Not selected,Straight,White,College graduate,Kansas,"$125,000-$149,999",West North Central,MacOS Desktop / Laptop,White,White,College or more,College or more,35 - 64,Has children,Straight,0.695610733
24,5/11/18 12:36,5/11/18 12:42,Very masculine,Somewhat important,Father or father figure(s),Not selected,Not selected,Not selected,Not selected,Not selected,No,Often,Often,Sometimes,Often,Rarely,Often,"Never, and not open to it",Sometimes,Sometimes,"Never, and not open to it",Sometimes,Not selected,Not selected,Not selected,Not selected,Not selected,Not selected,Not selected,Not selected,Not selected,"Your finances, including your current or future income, assets, or debt","Your ability to provide for your family, current or anticipated",Not selected,"Employed, working full-time",Not selected,Not selected,Not selected,Not selected,Not selected,Not selected,None of the above,Not selected,Not selected,Greater risk of being accused of sexual harassment,Greater risk of being accused of being sexist or racist,Not selected,Not selected,Not selected,Not selected,Not selected,Not selected,Not selected,Never witnessed sexual harassment,Not selected,NA,A lot,Yes,No,Sometimes,NA,NA,NA,NA,NA,NA,NA,Not selected,Not selected,Not selected,Every situation is different,Not selected,Not selected,Not selected,Not selected,Not selected,None of the above,No,Married,Not selected,"Yes, one or more children 18 or older",Not selected,Straight,White,College graduate,Texas,"$25,000-$49,999",West South Central,Windows Desktop / Laptop,White,White,College or more,College or more,35 - 64,Has children,Straight,0.515567485
25,5/11/18 1:09,5/11/18 1:16,Very masculine,Not too important,Father or father figure(s),Not selected,Not selected,Not selected,Not selected,Not selected,No,Sometimes,Sometimes,Sometimes,Sometimes,"Never, and not open to it",Sometimes,"Never, and not open to it",Often,Sometimes,"Never, but open to it",Sometimes,Not selected,Not selected,Not selected,Not selected,Not selected,Not selected,Not selected,Not selected,Not selected,Not selected,Not selected,None of the above,Not employed-retired,NA,NA,NA,NA,NA,NA,NA,NA,NA,NA,NA,NA,NA,NA,NA,NA,NA,NA,NA,NA,NA,NA,NA,No,Often,Not selected,Not selected,Not selected,Not selected,"You asked the person out, so you feel obligated to pay",Not selected,Not selected,Read their physical body language to see if they are interested,Not selected,Not selected,Every situation is different,It isn?t always clear how to gauge someone?s interest,Not selected,Not selected,Not selected,Not selected,None of the above,No,Married,Not selected,Not selected,No children,Straight,White,Post graduate degree,Michigan,"$100,000-$124,999",East North Central,Windows Desktop / Laptop,White,White,College or more,Post graduate degree,65 and up,No children,Straight,0.059086641
26,5/11/18 1:18,5/11/18 1:27,Somewhat masculine,Not too important,Not selected,Mother or mother figure(s),Other family members,Not selected,Friends,Not selected,Yes,"Never, but open to it","Never, but open to it","Never, and not open to it",Sometimes,"Never, and not open to it",No answer,"Never, and not open to it",Sometimes,Rarely,"Never, and not open to it",Sometimes,Not selected,Your weight,Not selected,Your physique,Not selected,Not selected,Not selected,Not selected,Your physical health,Not selected,Not selected,Not selected,"Employed, working full-time",Not selected,Not selected,Not selected,Not selected,Not selected,Not selected,None of the above,Not selected,Not selected,Greater risk of being accused of sexual harassment,Not selected,Not selected,Not selected,Not selected,Not selected,Not selected,Not selected,Not selected,Never witnessed sexual harassment,Not selected,NA,A lot,Yes,Yes,Always,It?s the right thing to do,Not selected,You feel good about being the one who pays,Not selected,"You asked the person out, so you feel obligated to pay",Not selected,Not selected,Not selected,Not selected,Not selected,Every situation is different,It isn?t always clear how to gauge someone?s interest,Not selected,Not selected,Not selected,Not selected,None of the above,No,Married,Not selected,"Yes, one or more children 18 or older",Not selected,Straight,White,Post graduate degree,New Jersey,"$200,000+",Middle Atlantic,Windows Desktop / Laptop,White,White,College or more,Post graduate degree,65 and up,Has children,Straight,0.06942877
27,5/11/18 1:20,5/11/18 1:25,Not very masculine,Somewhat important,Not selected,Not selected,Other family members,Not selected,Not selected,Other (please specify),Yes,Sometimes,Sometimes,Sometimes,Rarely,Rarely,Often,"Never, and not open to it",Often,Often,"Never, but open to it",Rarely,Not selected,Your weight,Not selected,Your physique,Appearance of your genitalia,Not selected,Sexual performance or amount of sex,Your mental health,Your physical health,"Your finances, including your current or future income, assets, or debt","Your ability to provide for your family, current or anticipated",Not selected,Not employed-retired,NA,NA,NA,NA,NA,NA,NA,NA,NA,NA,NA,NA,NA,NA,NA,NA,NA,NA,NA,NA,NA,NA,NA,Yes,Always,Not selected,Not selected,Not selected,Not selected,"You asked the person out, so you feel obligated to pay",Not selected,Not selected,Not selected,Not selected,Not selected,Not selected,It isn?t always clear how to gauge someone?s interest,Not selected,Wondered whether you pushed a partner too far in a past sexual encounter.,Not selected,Not selected,Not selected,Yes,Married,Not selected,"Yes, one or more children 18 or older",Not selected,Straight,White,College graduate,Texas,"$25,000-$49,999",West South Central,Windows Desktop / Laptop,White,White,College or more,College or more,65 and up,Has children,Straight,0.484545451
28,5/11/18 1:48,5/11/18 1:53,Not at all masculine,Not at all important,Not selected,Not selected,Other family members,Not selected,Friends,Not selected,Yes,Sometimes,Often,Sometimes,Sometimes,"Never, and not open to it","Never, and not open to it","Never, and not open to it",Sometimes,Often,Sometimes,Sometimes,Not selected,Not selected,Not selected,Not selected,Not selected,Not selected,Not selected,Not selected,Not selected,"Your finances, including your current or future income, assets, or debt",Not selected,Not selected,"Not employed, NOT looking for work",NA,NA,NA,NA,NA,NA,NA,NA,NA,NA,NA,NA,NA,NA,NA,NA,NA,NA,NA,NA,NA,NA,NA,No,Never,NA,NA,NA,NA,NA,NA,NA,Not selected,Not selected,Not selected,Not selected,It isn?t always clear how to gauge someone?s interest,Not selected,Not selected,Not selected,Not selected,None of the above,No,Widowed,Not selected,"Yes, one or more children 18 or older",Not selected,Straight,White,Some college,Texas,"$10,000-$24,999",West South Central,Windows Desktop / Laptop,White,White,Some college,Some college,65 and up,Has children,Straight,0.600430108
29,5/11/18 2:22,5/11/18 2:28,Very masculine,Somewhat important,Not selected,Not selected,Not selected,Not selected,Friends,Other (please specify),Yes,Rarely,Rarely,Rarely,Rarely,"Never, but open to it",Often,"Never, and not open to it",Rarely,Often,"Never, and not open to it",Sometimes,Not selected,Your weight,Not selected,Not selected,Not selected,Not selected,Not selected,Not selected,Not selected,Not selected,Not selected,Not selected,Not employed-retired,NA,NA,NA,NA,NA,NA,NA,NA,NA,NA,NA,NA,NA,NA,NA,NA,NA,NA,NA,NA,NA,NA,NA,Yes,Always,Not selected,Not selected,You feel good about being the one who pays,Not selected,"You asked the person out, so you feel obligated to pay",Not selected,Not selected,Read their physical body language to see if they are interested,Not selected,Not selected,Every situation is different,It isn?t always clear how to gauge someone?s interest,Not selected,Not selected,Not selected,Not selected,None of the above,No,Married,Not selected,"Yes, one or more children 18 or older",Not selected,Straight,White,Post graduate degree,New York,"$150,000-$174,999",Middle Atlantic,MacOS Desktop / Laptop,White,White,College or more,Post graduate degree,65 and up,Has children,Straight,0.069031279
30,5/11/18 2:29,5/11/18 2:33,Not very masculine,Somewhat important,Father or father figure(s),Mother or mother figure(s),Not selected,Not selected,Not selected,Not selected,No,Sometimes,Sometimes,Rarely,Sometimes,Rarely,Rarely,"Never, and not open to it",Sometimes,Often,"Never, and not open to it",Sometimes,Not selected,Your weight,Your hair or hairline,Your physique,Appearance of your genitalia,Not selected,Sexual performance or amount of sex,Not selected,Not selected,Not selected,Not selected,Not selected,Not employed-retired,NA,NA,NA,NA,NA,NA,NA,NA,NA,NA,NA,NA,NA,NA,NA,NA,NA,NA,NA,NA,NA,NA,NA,Yes,Often,Not selected,You make more money than your date,You feel good about being the one who pays,Not selected,"You asked the person out, so you feel obligated to pay",Not selected,Not selected,Read their physical body language to see if they are interested,Not selected,Not selected,Not selected,It isn?t always clear how to gauge someone?s interest,Not selected,Not selected,Not selected,Not selected,None of the above,No,Married,Not selected,Not selected,No children,Straight,White,Post graduate degree,Utah,"$100,000-$124,999",Mountain,Windows Desktop / Laptop,White,White,College or more,Post graduate degree,65 and up,No children,Straight,0.019744451
31,5/11/18 2:37,5/11/18 2:42,Somewhat masculine,Somewhat important,Father or father figure(s),Not selected,Not selected,Not selected,Friends,Not selected,No,"Never, but open to it",Rarely,Rarely,Rarely,Rarely,Often,"Never, and not open to it",Often,Rarely,"Never, and not open to it","Never, and not open to it",Not selected,Not selected,Not selected,Not selected,Not selected,Not selected,Not selected,Not selected,Not selected,Not selected,Not selected,None of the above,"Employed, working full-time",Not selected,Not selected,Not selected,Not selected,Not selected,Not selected,None of the above,Not selected,Not selected,Not selected,Not selected,None of the above,Not selected,Not selected,Not selected,Not selected,Not selected,Not selected,Never witnessed sexual harassment,Not selected,NA,Some,No,Yes,Always,It?s the right thing to do,Not selected,Not selected,Not selected,"You asked the person out, so you feel obligated to pay",Not selected,Not selected,Read their physical body language to see if they are interested,Not selected,Not selected,Every situation is different,Not selected,Not selected,Not selected,Not selected,Not selected,None of the above,No,Married,"Yes, one or more children under 18","Yes, one or more children 18 or older",Not selected,Straight,White,Some college,Texas,"$75,000-$99,999",West South Central,Windows Desktop / Laptop,White,White,Some college,Some college,35 - 64,Has children,Straight,0.620528742
32,5/11/18 2:39,5/11/18 2:47,Somewhat masculine,Somewhat important,Not selected,Not selected,Not selected,Not selected,Friends,Not selected,Yes,Often,Rarely,Often,Sometimes,Rarely,Rarely,"Never, and not open to it",Sometimes,Often,"Never, and not open to it",Sometimes,Not selected,Your weight,Not selected,Not selected,Not selected,Not selected,Sexual performance or amount of sex,Not selected,Not selected,Not selected,Not selected,Not selected,"Not employed, looking for work",NA,NA,NA,NA,NA,NA,NA,NA,NA,NA,NA,NA,NA,NA,NA,NA,NA,NA,NA,NA,NA,NA,NA,Yes,Sometimes,NA,NA,NA,NA,NA,NA,NA,Not selected,Ask for a verbal confirmation of consent,Not selected,Not selected,Not selected,Not selected,Not selected,Not selected,Not selected,None of the above,Yes,Never married,Not selected,Not selected,No children,Straight,Other,High school or G.E.D.,Pennsylvania,"$0-$9,999",Middle Atlantic,Android Phone / Tablet,Non-white,Other,High school or less,High school or less,18 - 34,No children,Straight,5.928646721
33,5/11/18 2:49,5/11/18 2:58,Not very masculine,Not too important,Father or father figure(s),Not selected,Not selected,Not selected,Not selected,Not selected,No,Sometimes,Sometimes,Sometimes,Sometimes,Sometimes,Sometimes,"Never, and not open to it","Never, and not open to it",Rarely,"Never, and not open to it",Sometimes,Not selected,Not selected,Not selected,Not selected,Not selected,Not selected,Not selected,Not selected,Not selected,"Your finances, including your current or future income, assets, or debt",Not selected,Not selected,Not employed-retired,NA,NA,NA,NA,NA,NA,NA,NA,NA,NA,NA,NA,NA,NA,NA,NA,NA,NA,NA,NA,NA,NA,NA,Yes,Always,It?s the right thing to do,Not selected,Not selected,Not selected,Not selected,Not selected,Not selected,Read their physical body language to see if they are interested,Not selected,Not selected,Not selected,Not selected,Not selected,Not selected,Not selected,Not selected,None of the above,No,Never married,Not selected,"Yes, one or more children 18 or older",Not selected,Straight,White,Did not complete high school,California,Prefer not to answer,Pacific,Android Phone / Tablet,White,White,High school or less,High school or less,35 - 64,Has children,Straight,2.05030667
34,5/11/18 2:51,5/11/18 2:56,Somewhat masculine,Somewhat important,Not selected,Not selected,Not selected,Not selected,Not selected,Other (please specify),Yes,"Never, but open to it",Rarely,Often,Sometimes,Rarely,Rarely,"Never, and not open to it",Rarely,Often,Rarely,Sometimes,Not selected,Not selected,Not selected,Not selected,Not selected,Not selected,Not selected,Not selected,Not selected,Not selected,Not selected,None of the above,Not employed-retired,NA,NA,NA,NA,NA,NA,NA,NA,NA,NA,NA,NA,NA,NA,NA,NA,NA,NA,NA,NA,NA,NA,NA,No,Often,Not selected,Not selected,Not selected,Not selected,Not selected,Not selected,Other (please specify),Not selected,Not selected,Make a physical move to see how they react,Not selected,Not selected,Not selected,Not selected,Not selected,Not selected,None of the above,No,Never married,Not selected,Not selected,No children,Straight,White,Post graduate degree,Washington,"$75,000-$99,999",Pacific,Windows Desktop / Laptop,White,White,College or more,Post graduate degree,65 and up,No children,Straight,0.019744451
35,5/11/18 3:07,5/11/18 3:14,Very masculine,Somewhat important,Father or father figure(s),Mother or mother figure(s),Other family members,Not selected,Friends,Not selected,No,Rarely,Rarely,Rarely,Rarely,Rarely,Often,"Never, and not open to it",Often,Sometimes,"Never, and not open to it",Rarely,Not selected,Your weight,Not selected,Not selected,Not selected,Not selected,Not selected,Not selected,Your physical health,Not selected,Not selected,Not selected,"Employed, working full-time",Not selected,Not selected,Not selected,Not selected,Not selected,Not selected,None of the above,Not selected,Managers want to hire and promote women,Greater risk of being accused of sexual harassment,Greater risk of being accused of being sexist or racist,Not selected,Not selected,Not selected,Not selected,Not selected,Not selected,Not selected,Never witnessed sexual harassment,Not selected,NA,A lot,No,Yes,Always,Not selected,Not selected,Not selected,"Societal expectations, even though you don?t always think you should have to pay","You asked the person out, so you feel obligated to pay",Not selected,Not selected,Read their physical body language to see if they are interested,Not selected,Not selected,Every situation is different,It isn?t always clear how to gauge someone?s interest,Not selected,Not selected,Not selected,Not selected,None of the above,No,Married,Not selected,"Yes, one or more children 18 or older",Not selected,Straight,White,College graduate,South Dakota,"$100,000-$124,999",East North Central,Windows Desktop / Laptop,White,White,College or more,College or more,35 - 64,Has children,Straight,0.844578021
36,5/11/18 3:17,5/11/18 3:28,Somewhat masculine,Somewhat important,Father or father figure(s),Mother or mother figure(s),Other family members,Pop culture,Friends,Not selected,Yes,Rarely,Rarely,Sometimes,Rarely,"Never, but open to it",Rarely,"Never, and not open to it",Often,Rarely,"Never, but open to it",Sometimes,Not selected,Your weight,Not selected,Your physique,Not selected,Not selected,Sexual performance or amount of sex,Not selected,Your physical health,"Your finances, including your current or future income, assets, or debt",Not selected,Not selected,"Employed, working full-time",Men make more money,Men are taken more seriously,Men have more choice,Men have more promotion/professional development opportunities,Not selected,Men generally have more support from their managers,Not selected,Not selected,Not selected,Greater risk of being accused of sexual harassment,Not selected,Not selected,Not selected,Confronted the accused person,Contacted the HR department,Not selected,Reached out to the victim to offer support,Not selected,Not selected,Not selected,NA,Some,No,No,Often,It?s the right thing to do,Not selected,Not selected,"Societal expectations, even though you don?t always think you should have to pay","You asked the person out, so you feel obligated to pay",Not selected,Not selected,Read their physical body language to see if they are interested,Not selected,Make a physical move to see how they react,Every situation is different,It isn?t always clear how to gauge someone?s interest,Not selected,Not selected,Not selected,Not selected,None of the above,No,Widowed,Not selected,"Yes, one or more children 18 or older",Not selected,Straight,White,High school or G.E.D.,Minnesota,"$25,000-$49,999",West North Central,Windows Desktop / Laptop,White,White,High school or less,High school or less,35 - 64,Has children,Straight,2.193249238
37,5/11/18 3:38,5/11/18 3:49,Somewhat masculine,Not too important,Father or father figure(s),Not selected,Other family members,Not selected,Friends,Not selected,No,Rarely,Rarely,Sometimes,Rarely,"Never, and not open to it",Rarely,"Never, but open to it","Never, and not open to it","Never, but open to it","Never, but open to it",Sometimes,Not selected,Your weight,Not selected,Not selected,Not selected,Not selected,Sexual performance or amount of sex,Not selected,Your physical health,"Your finances, including your current or future income, assets, or debt","Your ability to provide for your family, current or anticipated",Not selected,"Employed, working part-time",Not selected,Not selected,Not selected,Men have more promotion/professional development opportunities,Not selected,Not selected,Not selected,Not selected,Not selected,Not selected,Not selected,None of the above,Not selected,Not selected,Not selected,Not selected,Not selected,Not selected,Never witnessed sexual harassment,Not selected,NA,Some,No,No,Sometimes,NA,NA,NA,NA,NA,NA,NA,Not selected,Not selected,Not selected,Every situation is different,It isn?t always clear how to gauge someone?s interest,Not selected,Not selected,Not selected,Not selected,None of the above,No,Widowed,Not selected,"Yes, one or more children 18 or older",Not selected,Straight,White,Some college,Washington,"$75,000-$99,999",Pacific,Windows Desktop / Laptop,White,White,Some college,Some college,35 - 64,Has children,Straight,0.49093909
38,5/11/18 3:38,5/11/18 3:46,Very masculine,Not too important,Father or father figure(s),Mother or mother figure(s),Not selected,Not selected,Not selected,Other (please specify),No,Sometimes,Rarely,Rarely,Rarely,"Never, and not open to it",Sometimes,"Never, and not open to it",Often,Often,"Never, and not open to it",Rarely,Not selected,Your weight,Not selected,Not selected,Not selected,Not selected,Not selected,Not selected,Your physical health,Not selected,Not selected,Not selected,Not employed-retired,NA,NA,NA,NA,NA,NA,NA,NA,NA,NA,NA,NA,NA,NA,NA,NA,NA,NA,NA,NA,NA,NA,NA,Yes,Always,It?s the right thing to do,You make more money than your date,You feel good about being the one who pays,Not selected,"You asked the person out, so you feel obligated to pay",Not selected,Not selected,Not selected,Not selected,Not selected,Every situation is different,It isn?t always clear how to gauge someone?s interest,Not selected,Not selected,Not selected,Not selected,None of the above,No,Married,Not selected,"Yes, one or more children 18 or older",Not selected,Straight,White,College graduate,Arizona,"$200,000+",Mountain,MacOS Desktop / Laptop,White,White,College or more,College or more,65 and up,Has children,Straight,0.408203209
39,5/11/18 3:41,5/11/18 3:47,Not very masculine,Not too important,Father or father figure(s),Not selected,Not selected,Not selected,Not selected,Not selected,Yes,Sometimes,Rarely,Sometimes,Sometimes,"Never, and not open to it","Never, and not open to it","Never, and not open to it",Often,Sometimes,Sometimes,Often,Not selected,Your weight,Not selected,Your physique,Appearance of your genitalia,Not selected,Sexual performance or amount of sex,Your mental health,Your physical health,"Your finances, including your current or future income, assets, or debt","Your ability to provide for your family, current or anticipated",Not selected,"Not employed, NOT looking for work",NA,NA,NA,NA,NA,NA,NA,NA,NA,NA,NA,NA,NA,NA,NA,NA,NA,NA,NA,NA,NA,NA,NA,No,Never,NA,NA,NA,NA,NA,NA,NA,Not selected,Not selected,Not selected,Not selected,Not selected,Other (please specify),Not selected,Not selected,Not selected,None of the above,No,Married,"Yes, one or more children under 18","Yes, one or more children 18 or older",Not selected,Straight,Asian,High school or G.E.D.,South Carolina,"$10,000-$24,999",South Atlantic,iOS Phone / Tablet,Non-white,Other,High school or less,High school or less,35 - 64,Has children,Straight,1.8146813
40,5/11/18 3:56,5/11/18 4:06,Somewhat masculine,Not too important,Father or father figure(s),Mother or mother figure(s),Other family members,Not selected,Friends,Other (please specify),Yes,Often,Rarely,Sometimes,Often,Rarely,Rarely,Rarely,Rarely,Often,Sometimes,Sometimes,Not selected,Your weight,Not selected,Not selected,Not selected,Not selected,Not selected,Not selected,Not selected,Not selected,Not selected,Not selected,Not employed-retired,NA,NA,NA,NA,NA,NA,NA,NA,NA,NA,NA,NA,NA,NA,NA,NA,NA,NA,NA,NA,NA,NA,NA,Yes,Rarely,NA,NA,NA,NA,NA,NA,NA,Not selected,Not selected,Not selected,Not selected,Not selected,Other (please specify),Not selected,Not selected,Not selected,None of the above,No,Married,Not selected,"Yes, one or more children 18 or older",Not selected,Straight,White,College graduate,Washington,"$75,000-$99,999",Pacific,Other,White,White,College or more,College or more,65 and up,Has children,Straight,0.373985307
41,5/11/18 4:24,5/11/18 4:28,Not very masculine,Not too important,Father or father figure(s),Mother or mother figure(s),Not selected,Not selected,Not selected,Other (please specify),No,Sometimes,Sometimes,Rarely,Rarely,"Never, but open to it","Never, but open to it","Never, and not open to it",Rarely,"Never, but open to it",Often,Sometimes,Not selected,Not selected,Not selected,Not selected,Not selected,Not selected,Not selected,Your mental health,Your physical health,"Your finances, including your current or future income, assets, or debt",Not selected,Not selected,"Not employed, looking for work",NA,NA,NA,NA,NA,NA,NA,NA,NA,NA,NA,NA,NA,NA,NA,NA,NA,NA,NA,NA,NA,NA,NA,Yes,Always,It?s the right thing to do,Not selected,You feel good about being the one who pays,"Societal expectations, even though you don?t always think you should have to pay","You asked the person out, so you feel obligated to pay",Not selected,Not selected,Not selected,Not selected,Not selected,Every situation is different,It isn?t always clear how to gauge someone?s interest,Not selected,Not selected,Not selected,Not selected,None of the above,No,Never married,Not selected,Not selected,No children,Straight,White,Post graduate degree,Washington,"$50,000-$74,999",Pacific,Windows Desktop / Laptop,White,White,College or more,Post graduate degree,35 - 64,No children,Straight,0.054032635
42,5/11/18 4:34,5/11/18 4:40,Somewhat masculine,Not too important,Father or father figure(s),Mother or mother figure(s),Not selected,Not selected,Not selected,Not selected,Yes,Sometimes,Sometimes,Sometimes,Rarely,"Never, and not open to it",Often,"Never, and not open to it",Rarely,No answer,"Never, but open to it",Rarely,Not selected,Not selected,Not selected,Not selected,Not selected,Not selected,Not selected,Not selected,Your physical health,"Your finances, including your current or future income, assets, or debt",Not selected,Not selected,"Employed, working part-time",Not selected,Not selected,Not selected,Not selected,Not selected,Men generally have more support from their managers,Not selected,Not selected,Managers want to hire and promote women,Not selected,Not selected,Not selected,Not selected,Not selected,Not selected,Not selected,Not selected,Not selected,Never witnessed sexual harassment,Not selected,NA,Only a little,No,Yes,Sometimes,NA,NA,NA,NA,NA,NA,NA,Not selected,Not selected,Not selected,Every situation is different,Not selected,Not selected,Not selected,Not selected,Not selected,None of the above,No,Married,Not selected,"Yes, one or more children 18 or older",Not selected,Straight,White,College graduate,Idaho,"$75,000-$99,999",Mountain,Windows Desktop / Laptop,White,White,College or more,College or more,65 and up,Has children,Straight,0.309021099
43,5/11/18 4:40,5/11/18 4:50,Very masculine,Somewhat important,Father or father figure(s),Mother or mother figure(s),Not selected,Not selected,Friends,Not selected,Yes,Sometimes,Sometimes,Sometimes,Sometimes,"Never, but open to it",Often,"Never, and not open to it",Often,Rarely,"Never, but open to it",Rarely,Not selected,Your weight,Not selected,Your physique,Not selected,Not selected,Not selected,Not selected,Not selected,Not selected,Not selected,Not selected,"Employed, working full-time",Not selected,Not selected,Not selected,Not selected,Not selected,Not selected,None of the above,Not selected,Managers want to hire and promote women,Greater risk of being accused of sexual harassment,Greater risk of being accused of being sexist or racist,Not selected,Not selected,Not selected,Not selected,Not selected,Reached out to the victim to offer support,Not selected,Not selected,Not selected,NA,A lot,Yes,Yes,Always,It?s the right thing to do,You make more money than your date,Not selected,Not selected,Not selected,Not selected,Not selected,Not selected,Not selected,Not selected,Every situation is different,It isn?t always clear how to gauge someone?s interest,Not selected,Not selected,Not selected,Not selected,None of the above,No,Married,Not selected,Not selected,No children,Straight,White,Post graduate degree,Texas,"$175,000-$199,999",West South Central,Other,White,White,College or more,Post graduate degree,35 - 64,No children,Straight,0.09910235
44,5/11/18 5:04,5/11/18 5:13,Very masculine,Very important,Father or father figure(s),Not selected,Not selected,Not selected,Not selected,Other (please specify),Yes,Rarely,Sometimes,Rarely,Sometimes,"Never, but open to it","Never, and not open to it","Never, and not open to it",Often,Often,"Never, but open to it",Rarely,Not selected,Not selected,Not selected,Not selected,Not selected,Not selected,Not selected,Not selected,Not selected,Not selected,Not selected,None of the above,Not employed-retired,NA,NA,NA,NA,NA,NA,NA,NA,NA,NA,NA,NA,NA,NA,NA,NA,NA,NA,NA,NA,NA,NA,NA,No,Always,It?s the right thing to do,Not selected,Not selected,Not selected,Not selected,Not selected,Not selected,Not selected,Ask for a verbal confirmation of consent,Not selected,Not selected,Not selected,Not selected,Not selected,Not selected,Not selected,None of the above,No,Married,Not selected,"Yes, one or more children 18 or older",Not selected,Straight,White,Some college,Texas,"$75,000-$99,999",West South Central,iOS Phone / Tablet,White,White,Some college,Some college,65 and up,Has children,Straight,0.600430108
45,5/11/18 5:27,5/11/18 5:36,Somewhat masculine,Not at all important,Father or father figure(s),Mother or mother figure(s),Not selected,Not selected,Not selected,Not selected,No,Rarely,Rarely,"Never, but open to it","Never, but open to it","Never, but open to it",Sometimes,"Never, and not open to it",Sometimes,"Never, and not open to it","Never, and not open to it",Sometimes,Not selected,Not selected,Not selected,Not selected,Not selected,Not selected,Sexual performance or amount of sex,Not selected,Not selected,Not selected,Not selected,Not selected,"Employed, working part-time",Not selected,Not selected,Not selected,Not selected,Not selected,Men generally have more support from their managers,Not selected,Not selected,Not selected,Not selected,Not selected,None of the above,Not selected,Not selected,Not selected,Not selected,Not selected,Not selected,Never witnessed sexual harassment,Not selected,NA,Only a little,No,Yes,Never,NA,NA,NA,NA,NA,NA,NA,Not selected,Not selected,Not selected,Every situation is different,It isn?t always clear how to gauge someone?s interest,Not selected,Not selected,Not selected,Not selected,None of the above,No,Married,Not selected,"Yes, one or more children 18 or older",Not selected,Straight,White,Associate's degree,Florida,"$50,000-$74,999",South Atlantic,Windows Desktop / Laptop,White,White,Some college,Some college,65 and up,Has children,Straight,0.635442753
46,5/11/18 5:30,5/11/18 5:38,Not very masculine,Not too important,Father or father figure(s),Mother or mother figure(s),Other family members,Not selected,Friends,Not selected,No,Rarely,No answer,"Never, and not open to it",No answer,"Never, and not open to it",No answer,"Never, and not open to it","Never, but open to it","Never, and not open to it","Never, and not open to it","Never, and not open to it",Not selected,Not selected,Not selected,Not selected,Not selected,Not selected,Not selected,Not selected,Not selected,Not selected,Not selected,None of the above,Not employed-retired,NA,NA,NA,NA,NA,NA,NA,NA,NA,NA,NA,NA,NA,NA,NA,NA,NA,NA,NA,NA,NA,NA,NA,Yes,Always,It?s the right thing to do,You make more money than your date,You feel good about being the one who pays,"Societal expectations, even though you don?t always think you should have to pay","You asked the person out, so you feel obligated to pay",You try to pay to see if the other person will offer to share in the cost,Not selected,Not selected,Not selected,Not selected,Not selected,It isn?t always clear how to gauge someone?s interest,Not selected,Not selected,Not selected,Not selected,None of the above,No,Married,"Yes, one or more children under 18",Not selected,Not selected,Straight,White,High school or G.E.D.,Oregon,"$25,000-$49,999",Pacific,Windows Desktop / Laptop,White,White,High school or less,High school or less,65 and up,Has children,Straight,1.701502298
47,5/11/18 6:05,5/11/18 6:11,Not very masculine,Not too important,Not selected,Mother or mother figure(s),Not selected,Not selected,Not selected,Not selected,Yes,Often,Often,Sometimes,Often,Rarely,Often,"Never, and not open to it",Sometimes,Sometimes,Often,Sometimes,Your height,Your weight,Your hair or hairline,Not selected,Appearance of your genitalia,Not selected,Sexual performance or amount of sex,Your mental health,Your physical health,Not selected,"Your ability to provide for your family, current or anticipated",Not selected,"Employed, working full-time",Men make more money,Not selected,Not selected,Men have more promotion/professional development opportunities,Men are explicitly praised more often,Not selected,Not selected,Not selected,Not selected,Greater risk of being accused of sexual harassment,Greater risk of being accused of being sexist or racist,Not selected,Not selected,Not selected,Contacted the HR department,Contacted the manager of the accused person,Reached out to the victim to offer support,Not selected,Not selected,Not selected,NA,A lot,Yes,Yes,Often,Not selected,Not selected,Not selected,"Societal expectations, even though you don?t always think you should have to pay","You asked the person out, so you feel obligated to pay",You try to pay to see if the other person will offer to share in the cost,Not selected,Read their physical body language to see if they are interested,Ask for a verbal confirmation of consent,Make a physical move to see how they react,Every situation is different,Not selected,Not selected,Not selected,Not selected,Not selected,None of the above,No,Married,"Yes, one or more children under 18",Not selected,Not selected,Straight,White,Post graduate degree,Michigan,"$50,000-$74,999",East North Central,Android Phone / Tablet,White,White,College or more,Post graduate degree,18 - 34,Has children,Straight,0.125880541
48,5/11/18 6:06,5/11/18 6:11,Very masculine,Somewhat important,Father or father figure(s),Not selected,Not selected,Not selected,Not selected,Not selected,No,Sometimes,Rarely,Often,Rarely,"Never, and not open to it",Sometimes,"Never, and not open to it",Often,Sometimes,No answer,"Never, but open to it",Not selected,Not selected,Not selected,Not selected,Not selected,Not selected,Not selected,Not selected,Your physical health,Not selected,Not selected,Not selected,Not employed-retired,NA,NA,NA,NA,NA,NA,NA,NA,NA,NA,NA,NA,NA,NA,NA,NA,NA,NA,NA,NA,NA,NA,NA,Yes,Always,Not selected,Not selected,You feel good about being the one who pays,Not selected,Not selected,Not selected,Not selected,Not selected,Not selected,Not selected,Every situation is different,Not selected,Not selected,Not selected,Not selected,Not selected,None of the above,No,Married,Not selected,"Yes, one or more children 18 or older",Not selected,Straight,White,College graduate,Oregon,"$75,000-$99,999",Pacific,Android Phone / Tablet,White,White,College or more,College or more,65 and up,Has children,Straight,0.442494849
49,5/11/18 6:11,5/11/18 6:26,Somewhat masculine,Somewhat important,Father or father figure(s),Mother or mother figure(s),Not selected,Not selected,Friends,Other (please specify),Yes,Sometimes,Often,Sometimes,Sometimes,"Never, and not open to it",Rarely,"Never, and not open to it","Never, and not open to it","Never, and not open to it",Rarely,Often,Not selected,Your weight,Not selected,Your physique,Not selected,Your clothing or style,Sexual performance or amount of sex,Your mental health,Your physical health,"Your finances, including your current or future income, assets, or debt","Your ability to provide for your family, current or anticipated",Not selected,"Not employed, looking for work",NA,NA,NA,NA,NA,NA,NA,NA,NA,NA,NA,NA,NA,NA,NA,NA,NA,NA,NA,NA,NA,NA,NA,Yes,Always,Not selected,Not selected,Not selected,"Societal expectations, even though you don?t always think you should have to pay","You asked the person out, so you feel obligated to pay",You try to pay to see if the other person will offer to share in the cost,Not selected,Not selected,Ask for a verbal confirmation of consent,Not selected,Every situation is different,It isn?t always clear how to gauge someone?s interest,Not selected,Wondered whether you pushed a partner too far in a past sexual encounter.,Not selected,Not selected,Not selected,No,Never married,Not selected,Not selected,No children,Straight,White,College graduate,Oregon,"$10,000-$24,999",Pacific,iOS Phone / Tablet,White,White,College or more,College or more,35 - 64,No children,Straight,0.470628361
